id,model,partner_id:id,amount_currency,currency_id:id
str,str,search;vat,str,ref
aml_cicsa_580,account.move.line,VEV045344734,,
aml_cicsa_581,account.move.line,VEV045344734,,
aml_cicsa_582,account.move.line,VEV045344734,,
aml_cicsa_583,account.move.line,VEV045344734,,
aml_cicsa_584,account.move.line,VEJ315719380,,
aml_cicsa_585,account.move.line,VEJ315719380,,
aml_cicsa_586,account.move.line,,2518546.14,base.USD
aml_cicsa_587,account.move.line,,-2518546.14,base.USD
aml_cicsa_588,account.move.line,,2080839.81,base.USD
aml_cicsa_589,account.move.line,,-2080839.81,base.USD
aml_cicsa_590,account.move.line,VEJ313040045,,
aml_cicsa_591,account.move.line,VEJ313040045,,
aml_cicsa_592,account.move.line,VEJ313040045,,
aml_cicsa_593,account.move.line,VEJ313040045,,
aml_cicsa_594,account.move.line,VEJ313040045,,
aml_cicsa_595,account.move.line,VEJ313040045,,
aml_cicsa_596,account.move.line,VEJ313040045,,
aml_cicsa_597,account.move.line,VEJ313040045,,
aml_cicsa_598,account.move.line,VEJ313040045,,
aml_cicsa_599,account.move.line,VEJ313040045,,
aml_cicsa_600,account.move.line,VEJ313040045,,
aml_cicsa_601,account.move.line,VEJ313040045,,
aml_cicsa_602,account.move.line,VEJ313040045,,
aml_cicsa_603,account.move.line,VEJ313040045,,
aml_cicsa_604,account.move.line,VEJ313040045,,
aml_cicsa_605,account.move.line,VEJ313040045,,
aml_cicsa_606,account.move.line,VEJ313040045,,
aml_cicsa_607,account.move.line,VEJ313040045,,
aml_cicsa_608,account.move.line,VEJ313040045,,
aml_cicsa_609,account.move.line,VEJ313040045,,
aml_cicsa_610,account.move.line,VEJ313040045,,
aml_cicsa_611,account.move.line,VEJ313040045,,
aml_cicsa_612,account.move.line,VEJ313040045,,
aml_cicsa_613,account.move.line,VEJ313040045,,
aml_cicsa_614,account.move.line,VEJ313040045,,
aml_cicsa_615,account.move.line,VEJ001824421,,
aml_cicsa_616,account.move.line,VEJ001824421,,
aml_cicsa_617,account.move.line,VEJ001824421,,
aml_cicsa_618,account.move.line,VEJ001824421,,
aml_cicsa_619,account.move.line,VEJ001824421,,
aml_cicsa_620,account.move.line,VEJ001824421,,
aml_cicsa_621,account.move.line,VEJ001824421,,
aml_cicsa_622,account.move.line,VEJ001824421,,
aml_cicsa_623,account.move.line,VEJ001824421,,
aml_cicsa_624,account.move.line,VEJ001824421,,
aml_cicsa_625,account.move.line,VEJ001824421,,
aml_cicsa_626,account.move.line,VEJ001824421,,
aml_cicsa_627,account.move.line,VEJ001824421,,
aml_cicsa_628,account.move.line,VEJ001824421,,
aml_cicsa_629,account.move.line,VEJ001824421,,
aml_cicsa_630,account.move.line,VEJ001824421,,
aml_cicsa_631,account.move.line,VEJ001824421,,
aml_cicsa_632,account.move.line,VEJ001824421,,
aml_cicsa_633,account.move.line,VEJ001824421,,
aml_cicsa_634,account.move.line,VEJ001824421,,
aml_cicsa_635,account.move.line,VEJ001824421,,
aml_cicsa_636,account.move.line,VEJ001824421,,
aml_cicsa_637,account.move.line,VEJ001824421,,
aml_cicsa_638,account.move.line,VEJ001824421,,
aml_cicsa_639,account.move.line,VEJ001824421,,
aml_cicsa_640,account.move.line,VEJ001824421,,
aml_cicsa_641,account.move.line,VEJ001824421,,
aml_cicsa_642,account.move.line,VEJ001824421,,
aml_cicsa_643,account.move.line,VEJ001824421,,
aml_cicsa_644,account.move.line,VEJ001824421,,
aml_cicsa_645,account.move.line,,,
aml_cicsa_646,account.move.line,,,
aml_cicsa_647,account.move.line,,,
aml_cicsa_648,account.move.line,,,
aml_cicsa_649,account.move.line,VEV061438331,,
aml_cicsa_650,account.move.line,VEV061438331,,
aml_cicsa_651,account.move.line,VEV061438331,,
aml_cicsa_652,account.move.line,VEV061438331,,
aml_cicsa_653,account.move.line,,312000.00,base.USD
aml_cicsa_654,account.move.line,,-312000.00,base.USD
aml_cicsa_655,account.move.line,VEJ303738001,,
aml_cicsa_656,account.move.line,VEJ303738001,,
aml_cicsa_657,account.move.line,VEJ303738001,,
aml_cicsa_658,account.move.line,VEJ303738001,,
aml_cicsa_659,account.move.line,VEV061438331,,
aml_cicsa_660,account.move.line,VEV061438331,,
aml_cicsa_661,account.move.line,VEJ308120219,,
aml_cicsa_662,account.move.line,VEJ308120219,,
aml_cicsa_663,account.move.line,VEJ308120219,,
aml_cicsa_664,account.move.line,VEJ308120219,,
aml_cicsa_665,account.move.line,VEJ308120219,,
aml_cicsa_666,account.move.line,VEJ301406834,,
aml_cicsa_667,account.move.line,VEJ301406834,,
aml_cicsa_668,account.move.line,VEJ301406834,,
aml_cicsa_669,account.move.line,VEJ301406834,,
aml_cicsa_670,account.move.line,VEJ301406834,,
aml_cicsa_671,account.move.line,VEJ301406834,,
aml_cicsa_672,account.move.line,VEJ301406834,,
aml_cicsa_673,account.move.line,VEJ301406834,,
aml_cicsa_674,account.move.line,VEJ301406834,,
aml_cicsa_675,account.move.line,VEJ301406834,,
aml_cicsa_676,account.move.line,VEJ301406834,,
aml_cicsa_677,account.move.line,VEJ301406834,,
aml_cicsa_678,account.move.line,VEJ301406834,,
aml_cicsa_679,account.move.line,VEJ301406834,,
aml_cicsa_680,account.move.line,VEJ301406834,,
aml_cicsa_681,account.move.line,VEJ301406834,,
aml_cicsa_682,account.move.line,VEJ301406834,,
aml_cicsa_683,account.move.line,VEJ301406834,,
aml_cicsa_684,account.move.line,VEJ301406834,,
aml_cicsa_685,account.move.line,VEJ301406834,,
aml_cicsa_686,account.move.line,VEJ301406834,,
aml_cicsa_687,account.move.line,VEJ301406834,,
aml_cicsa_688,account.move.line,VEJ301406834,,
aml_cicsa_689,account.move.line,VEJ301406834,,
aml_cicsa_690,account.move.line,VEG200000031,,
aml_cicsa_691,account.move.line,VEG200000031,,
aml_cicsa_692,account.move.line,VEJ070133805,,
aml_cicsa_693,account.move.line,VEJ070133805,,
aml_cicsa_694,account.move.line,VEJ297599070,,
aml_cicsa_695,account.move.line,VEJ297599070,,
aml_cicsa_696,account.move.line,VEJ297599070,,
aml_cicsa_697,account.move.line,VEJ297599070,,
aml_cicsa_698,account.move.line,VEJ297599070,,
aml_cicsa_699,account.move.line,VEJ297599070,,
aml_cicsa_700,account.move.line,VEJ297599070,,
aml_cicsa_701,account.move.line,VEJ297599070,,
aml_cicsa_702,account.move.line,VEJ297599070,,
aml_cicsa_703,account.move.line,VEJ297599070,,
aml_cicsa_704,account.move.line,VEJ297599070,,
aml_cicsa_705,account.move.line,VEJ297599070,,
aml_cicsa_706,account.move.line,VEJ297599070,,
aml_cicsa_707,account.move.line,VEJ297599070,,
aml_cicsa_708,account.move.line,VEJ297599070,,
aml_cicsa_709,account.move.line,VEJ297599070,,
aml_cicsa_710,account.move.line,VEJ297599070,,
aml_cicsa_711,account.move.line,VEJ297599070,,
aml_cicsa_712,account.move.line,VEJ297599070,,
aml_cicsa_713,account.move.line,VEJ297599070,,
aml_cicsa_714,account.move.line,VEJ297599070,,
aml_cicsa_715,account.move.line,VEJ297599070,,
aml_cicsa_716,account.move.line,VEJ297599070,,
aml_cicsa_717,account.move.line,VEJ297599070,,
aml_cicsa_718,account.move.line,VEJ297599070,,
aml_cicsa_719,account.move.line,VEJ297599070,,
aml_cicsa_720,account.move.line,VEJ297599070,,
aml_cicsa_721,account.move.line,VEJ297599070,,
aml_cicsa_722,account.move.line,VEJ297599070,,
aml_cicsa_723,account.move.line,VEJ297599070,,
aml_cicsa_724,account.move.line,VEJ297599070,,
aml_cicsa_725,account.move.line,VEJ297599070,,
aml_cicsa_726,account.move.line,VEJ297599070,,
aml_cicsa_727,account.move.line,VEJ297599070,,
aml_cicsa_728,account.move.line,VEJ297599070,,
aml_cicsa_729,account.move.line,VEJ297599070,,
aml_cicsa_730,account.move.line,VEJ297599070,,
aml_cicsa_731,account.move.line,VEJ297599070,,
aml_cicsa_732,account.move.line,VEJ297599070,,
aml_cicsa_733,account.move.line,VEJ297599070,,
aml_cicsa_734,account.move.line,VEJ297599070,,
aml_cicsa_735,account.move.line,VEJ297599070,,
aml_cicsa_736,account.move.line,VEJ297599070,,
aml_cicsa_737,account.move.line,VEJ297599070,,
aml_cicsa_738,account.move.line,VEJ297599070,,
aml_cicsa_739,account.move.line,VEJ297599070,,
aml_cicsa_740,account.move.line,VEJ297599070,,
aml_cicsa_741,account.move.line,VEJ297599070,,
aml_cicsa_742,account.move.line,VEJ297599070,,
aml_cicsa_743,account.move.line,VEJ297599070,,
aml_cicsa_744,account.move.line,VEJ297599070,,
aml_cicsa_745,account.move.line,VEJ297599070,,
aml_cicsa_746,account.move.line,VEJ297599070,,
aml_cicsa_747,account.move.line,VEJ297599070,,
aml_cicsa_748,account.move.line,VEJ297599070,,
aml_cicsa_749,account.move.line,VEJ297599070,,
aml_cicsa_750,account.move.line,VEJ297599070,,
aml_cicsa_751,account.move.line,VEJ297599070,,
aml_cicsa_752,account.move.line,VEJ297599070,,
aml_cicsa_753,account.move.line,VEJ297599070,,
aml_cicsa_754,account.move.line,VEV122551128,,
aml_cicsa_755,account.move.line,VEV122551128,,
aml_cicsa_756,account.move.line,VEV116574981,,
aml_cicsa_757,account.move.line,VEV116574981,,
aml_cicsa_758,account.move.line,VEV045344734,,
aml_cicsa_759,account.move.line,VEV045344734,,
aml_cicsa_760,account.move.line,VEV049726860,,
aml_cicsa_761,account.move.line,VEV049726860,,
aml_cicsa_762,account.move.line,,,
aml_cicsa_763,account.move.line,,,
aml_cicsa_764,account.move.line,,,
aml_cicsa_765,account.move.line,,,
aml_cicsa_766,account.move.line,VEJ313897051,,
aml_cicsa_767,account.move.line,VEJ313897051,,
aml_cicsa_768,account.move.line,VEJ313897051,,
aml_cicsa_769,account.move.line,VEJ313897051,,
aml_cicsa_770,account.move.line,VEJ313897051,,
aml_cicsa_771,account.move.line,VEJ313897051,,
aml_cicsa_772,account.move.line,VEJ313897051,,
aml_cicsa_773,account.move.line,VEJ313897051,,
aml_cicsa_774,account.move.line,VEJ313897051,,
aml_cicsa_775,account.move.line,VEJ313897051,,
aml_cicsa_776,account.move.line,VEJ001241345,,
aml_cicsa_777,account.move.line,VEJ001241345,,
aml_cicsa_778,account.move.line,VEJ001241345,,
aml_cicsa_779,account.move.line,VEJ001241345,,
aml_cicsa_780,account.move.line,VEJ001241345,,
aml_cicsa_781,account.move.line,VEJ300004937,,
aml_cicsa_782,account.move.line,VEJ300004937,,
aml_cicsa_783,account.move.line,VEJ300004937,,
aml_cicsa_784,account.move.line,VEJ300004937,,
aml_cicsa_785,account.move.line,VEV061438331,,
aml_cicsa_786,account.move.line,VEV061438331,,
aml_cicsa_787,account.move.line,VEJ310308292,,
aml_cicsa_788,account.move.line,VEJ310308292,,
aml_cicsa_789,account.move.line,VEJ310308292,,
aml_cicsa_790,account.move.line,VEJ003109088,,
aml_cicsa_791,account.move.line,VEJ003109088,,
aml_cicsa_792,account.move.line,VEJ003109088,,
aml_cicsa_793,account.move.line,VEJ003109088,,
aml_cicsa_794,account.move.line,VEJ003109088,,
aml_cicsa_795,account.move.line,VEJ003109088,,
aml_cicsa_796,account.move.line,VEJ003109088,,
aml_cicsa_797,account.move.line,VEJ003109088,,
aml_cicsa_798,account.move.line,VEJ003109088,,
aml_cicsa_799,account.move.line,VEJ402516690,16000.00,base.USD
aml_cicsa_800,account.move.line,VEJ402516690,-16000.00,base.USD
aml_cicsa_801,account.move.line,VEJ402516690,,
aml_cicsa_802,account.move.line,VEJ402516690,,
aml_cicsa_803,account.move.line,VEJ402516690,12792.00,base.USD
aml_cicsa_804,account.move.line,VEJ402516690,-12792.00,base.USD
aml_cicsa_805,account.move.line,VEJ402516690,,
aml_cicsa_806,account.move.line,VEJ402516690,,
aml_cicsa_807,account.move.line,VEJ297599070,,
aml_cicsa_808,account.move.line,VEJ297599070,,
aml_cicsa_809,account.move.line,VEJ297599070,,
aml_cicsa_810,account.move.line,VEV045344734,,
aml_cicsa_811,account.move.line,VEV045344734,,
aml_cicsa_812,account.move.line,VEJ001241345,,
aml_cicsa_813,account.move.line,VEJ001241345,,
aml_cicsa_814,account.move.line,VEJ001241345,,
aml_cicsa_815,account.move.line,VEJ001241345,,
aml_cicsa_816,account.move.line,VEJ001241345,,
aml_cicsa_817,account.move.line,VEJ001241345,,
aml_cicsa_818,account.move.line,VEJ001241345,,
aml_cicsa_819,account.move.line,VEJ001241345,,
aml_cicsa_820,account.move.line,VEJ001241345,,
aml_cicsa_821,account.move.line,VEJ308120219,,
aml_cicsa_822,account.move.line,VEJ308120219,,
aml_cicsa_823,account.move.line,VEJ308120219,,
aml_cicsa_824,account.move.line,VEJ308120219,,
aml_cicsa_825,account.move.line,VEJ308120219,,
aml_cicsa_826,account.move.line,VEJ000815747,,
aml_cicsa_827,account.move.line,VEJ000815747,,
aml_cicsa_828,account.move.line,VEJ000815747,,
aml_cicsa_829,account.move.line,VEJ000815747,,
aml_cicsa_830,account.move.line,VEJ000815747,,
aml_cicsa_831,account.move.line,VEJ315297876,,
aml_cicsa_832,account.move.line,VEJ315297876,,
aml_cicsa_833,account.move.line,VEJ315297876,,
aml_cicsa_834,account.move.line,VEJ315297876,,
aml_cicsa_835,account.move.line,VEJ315297876,,
aml_cicsa_836,account.move.line,VEJ315297876,,
aml_cicsa_837,account.move.line,VEJ315297876,,
aml_cicsa_838,account.move.line,VEJ303900909,,
aml_cicsa_839,account.move.line,VEJ303900909,,
aml_cicsa_840,account.move.line,VEJ303900909,,
aml_cicsa_841,account.move.line,VEJ303900909,,
aml_cicsa_842,account.move.line,VEJ303900909,,
aml_cicsa_843,account.move.line,VEJ303900909,,
aml_cicsa_844,account.move.line,VEJ303900909,,
aml_cicsa_845,account.move.line,VEJ303900909,,
aml_cicsa_846,account.move.line,VEJ303900909,,
aml_cicsa_847,account.move.line,VEJ303900909,,
aml_cicsa_848,account.move.line,VEJ303900909,,
aml_cicsa_849,account.move.line,VEJ303900909,,
aml_cicsa_850,account.move.line,VEJ303900909,,
aml_cicsa_851,account.move.line,VEJ303900909,,
aml_cicsa_852,account.move.line,VEJ303900909,,
aml_cicsa_853,account.move.line,VEJ303900909,,
aml_cicsa_854,account.move.line,VEJ303900909,,
aml_cicsa_855,account.move.line,VEJ303900909,,
aml_cicsa_856,account.move.line,VEJ303900909,,
aml_cicsa_857,account.move.line,VEJ303900909,,
aml_cicsa_858,account.move.line,VEJ303900909,,
aml_cicsa_859,account.move.line,VEJ303900909,,
aml_cicsa_860,account.move.line,VEJ303900909,,
aml_cicsa_861,account.move.line,VEJ303900909,,
aml_cicsa_862,account.move.line,VEJ303900909,,
aml_cicsa_863,account.move.line,VEJ303900909,,
aml_cicsa_864,account.move.line,VEJ303900909,,
aml_cicsa_865,account.move.line,VEJ303900909,,
aml_cicsa_866,account.move.line,VEJ303900909,,
aml_cicsa_867,account.move.line,VEJ303900909,,
aml_cicsa_868,account.move.line,VEJ303900909,,
aml_cicsa_869,account.move.line,VEJ303900909,,
aml_cicsa_870,account.move.line,VEJ303900909,,
aml_cicsa_871,account.move.line,VEJ303900909,,
aml_cicsa_872,account.move.line,VEJ303900909,,
aml_cicsa_873,account.move.line,VEJ303900909,,
aml_cicsa_874,account.move.line,VEJ303900909,,
aml_cicsa_875,account.move.line,VEJ303900909,,
aml_cicsa_876,account.move.line,VEJ303900909,,
aml_cicsa_877,account.move.line,VEJ303900909,,
aml_cicsa_878,account.move.line,VEJ303900909,,
aml_cicsa_879,account.move.line,VEJ303900909,,
aml_cicsa_880,account.move.line,VEJ297785213,,
aml_cicsa_881,account.move.line,VEJ297785213,,
aml_cicsa_882,account.move.line,VEJ297785213,,
aml_cicsa_883,account.move.line,VEJ297785213,,
aml_cicsa_884,account.move.line,VEJ297785213,,
aml_cicsa_885,account.move.line,VEJ000526621,,
aml_cicsa_886,account.move.line,VEJ000526621,,
aml_cicsa_887,account.move.line,VEJ308128295,,
aml_cicsa_888,account.move.line,VEJ308128295,,
aml_cicsa_889,account.move.line,,,
aml_cicsa_890,account.move.line,,,
aml_cicsa_891,account.move.line,,510.00,base.USD
aml_cicsa_892,account.move.line,,-510.00,base.USD
aml_cicsa_893,account.move.line,,,
aml_cicsa_894,account.move.line,,,
aml_cicsa_895,account.move.line,,,
aml_cicsa_896,account.move.line,,,
aml_cicsa_897,account.move.line,,,
aml_cicsa_898,account.move.line,VEJ301406834,,
aml_cicsa_899,account.move.line,VEJ301406834,,
aml_cicsa_900,account.move.line,VEJ301406834,,
aml_cicsa_901,account.move.line,VEV061438331,,
aml_cicsa_902,account.move.line,VEV061438331,,
aml_cicsa_903,account.move.line,VEV122551128,,
aml_cicsa_904,account.move.line,VEV122551128,,
aml_cicsa_905,account.move.line,VEJ300004937,,
aml_cicsa_906,account.move.line,VEJ300004937,,
aml_cicsa_907,account.move.line,VEJ300004937,,
aml_cicsa_908,account.move.line,VEJ300004937,,
aml_cicsa_909,account.move.line,VEJ400406811,,
aml_cicsa_910,account.move.line,VEJ400406811,,
aml_cicsa_911,account.move.line,VEJ400406811,,
aml_cicsa_912,account.move.line,VEJ400406811,,
aml_cicsa_913,account.move.line,VEJ400406811,,
aml_cicsa_914,account.move.line,VEJ400406811,,
aml_cicsa_915,account.move.line,VEJ400406811,,
aml_cicsa_916,account.move.line,VEJ400406811,,
aml_cicsa_917,account.move.line,VEJ400406811,,
aml_cicsa_918,account.move.line,VEJ400406811,,
aml_cicsa_919,account.move.line,VEJ400406811,,
aml_cicsa_920,account.move.line,VEJ400406811,,
aml_cicsa_921,account.move.line,VEJ400406811,,
aml_cicsa_922,account.move.line,VEJ400406811,,
aml_cicsa_923,account.move.line,VEJ400406811,,
aml_cicsa_924,account.move.line,VEJ400406811,,
aml_cicsa_925,account.move.line,VEJ400406811,,
aml_cicsa_926,account.move.line,VEJ400406811,,
aml_cicsa_927,account.move.line,VEJ400406811,,
aml_cicsa_928,account.move.line,VEJ400406811,,
aml_cicsa_929,account.move.line,VEJ400406811,,
aml_cicsa_930,account.move.line,VEJ400406811,,
aml_cicsa_931,account.move.line,VEJ400406811,,
aml_cicsa_932,account.move.line,VEJ303900909,,
aml_cicsa_933,account.move.line,VEJ303900909,,
aml_cicsa_934,account.move.line,VEJ303900909,,
aml_cicsa_935,account.move.line,VEJ303900909,,
aml_cicsa_936,account.move.line,VEJ303900909,,
aml_cicsa_937,account.move.line,VEJ303900909,,
aml_cicsa_938,account.move.line,VEJ303900909,,
aml_cicsa_939,account.move.line,VEJ303900909,,
aml_cicsa_940,account.move.line,VEJ303900909,,
aml_cicsa_941,account.move.line,VEJ303900909,,
aml_cicsa_942,account.move.line,VEJ303900909,,
aml_cicsa_943,account.move.line,VEJ303900909,,
aml_cicsa_944,account.move.line,VEJ303900909,,
aml_cicsa_945,account.move.line,VEJ303900909,,
aml_cicsa_946,account.move.line,VEJ303900909,,
aml_cicsa_947,account.move.line,VEJ303900909,,
aml_cicsa_948,account.move.line,VEJ303900909,,
aml_cicsa_949,account.move.line,VEJ306203117,,
aml_cicsa_950,account.move.line,VEJ306203117,,
aml_cicsa_951,account.move.line,VEJ306203117,,
aml_cicsa_952,account.move.line,VEJ000815747,,
aml_cicsa_953,account.move.line,VEJ000815747,,
aml_cicsa_954,account.move.line,VEJ000815747,,
aml_cicsa_955,account.move.line,VEJ303900909,,
aml_cicsa_956,account.move.line,VEJ303900909,,
aml_cicsa_957,account.move.line,VEJ310308292,,
aml_cicsa_958,account.move.line,VEJ310308292,,
aml_cicsa_959,account.move.line,VEJ310308292,,
aml_cicsa_960,account.move.line,VEJ310308292,,
aml_cicsa_961,account.move.line,VEJ310308292,,
aml_cicsa_962,account.move.line,VEJ308120219,,
aml_cicsa_963,account.move.line,VEJ308120219,,
aml_cicsa_964,account.move.line,VEJ308120219,,
aml_cicsa_965,account.move.line,VEJ301406834,,
aml_cicsa_966,account.move.line,VEJ301406834,,
aml_cicsa_967,account.move.line,VEJ301406834,,
aml_cicsa_968,account.move.line,VEJ301406834,,
aml_cicsa_969,account.move.line,VEJ301406834,,
aml_cicsa_970,account.move.line,VEJ301406834,,
aml_cicsa_971,account.move.line,VEJ301406834,,
aml_cicsa_972,account.move.line,VEJ301406834,,
aml_cicsa_973,account.move.line,VEJ301406834,,
aml_cicsa_974,account.move.line,VEJ301406834,,
aml_cicsa_975,account.move.line,VEJ301406834,,
aml_cicsa_976,account.move.line,VEJ301406834,,
aml_cicsa_977,account.move.line,VEJ301406834,,
aml_cicsa_978,account.move.line,VEJ301406834,,
aml_cicsa_979,account.move.line,VEJ003439940,,
aml_cicsa_980,account.move.line,VEJ003439940,,
aml_cicsa_981,account.move.line,VEJ003439940,,
aml_cicsa_982,account.move.line,VEJ003439940,,
aml_cicsa_983,account.move.line,VEJ003439940,,
aml_cicsa_984,account.move.line,VEJ313040045,,
aml_cicsa_985,account.move.line,VEJ313040045,,
aml_cicsa_986,account.move.line,VEJ313897051,,
aml_cicsa_987,account.move.line,VEJ313897051,,
aml_cicsa_988,account.move.line,VEJ313897051,,
aml_cicsa_989,account.move.line,VEV045344734,,
aml_cicsa_990,account.move.line,VEV045344734,,
aml_cicsa_991,account.move.line,VEV045344734,,
aml_cicsa_992,account.move.line,VEV045344734,,
aml_cicsa_993,account.move.line,VEV110336493,,
aml_cicsa_994,account.move.line,VEV110336493,,
aml_cicsa_995,account.move.line,VEJ000598800,,
aml_cicsa_996,account.move.line,VEJ000598800,,
aml_cicsa_997,account.move.line,VEJ000598800,,
aml_cicsa_998,account.move.line,VEJ000373388,,
aml_cicsa_999,account.move.line,VEJ000373388,,
aml_cicsa_1000,account.move.line,VEJ000373388,,
aml_cicsa_1001,account.move.line,VEJ000373388,,
aml_cicsa_1002,account.move.line,VEJ000373388,,
aml_cicsa_1003,account.move.line,VEJ000373388,,
aml_cicsa_1004,account.move.line,VEJ000373388,,
aml_cicsa_1005,account.move.line,VEJ000373388,,
aml_cicsa_1006,account.move.line,VEJ000373388,,
aml_cicsa_1007,account.move.line,VEJ000373388,,
aml_cicsa_1008,account.move.line,VEJ000373388,,
aml_cicsa_1009,account.move.line,VEJ000373388,,
aml_cicsa_1010,account.move.line,VEJ000373388,,
aml_cicsa_1011,account.move.line,VEJ000373388,,
aml_cicsa_1012,account.move.line,VEJ000373388,,
aml_cicsa_1013,account.move.line,VEJ000373388,,
aml_cicsa_1014,account.move.line,VEJ000373388,,
aml_cicsa_1015,account.move.line,VEJ000373388,,
aml_cicsa_1016,account.move.line,VEJ000373388,,
aml_cicsa_1017,account.move.line,VEJ000373388,,
aml_cicsa_1018,account.move.line,VEJ000373388,,
aml_cicsa_1019,account.move.line,VEJ000373388,,
aml_cicsa_1020,account.move.line,VEJ000373388,,
aml_cicsa_1021,account.move.line,VEJ000373388,,
aml_cicsa_1022,account.move.line,VEJ000373388,,
aml_cicsa_1023,account.move.line,VEJ000373388,,
aml_cicsa_1024,account.move.line,VEJ000373388,,
aml_cicsa_1025,account.move.line,VEJ000373388,,
aml_cicsa_1026,account.move.line,VEJ000373388,,
aml_cicsa_1027,account.move.line,VEJ315719380,,
aml_cicsa_1028,account.move.line,VEJ315719380,,
aml_cicsa_1029,account.move.line,VEG200000031,,
aml_cicsa_1030,account.move.line,VEG200000031,,
aml_cicsa_1031,account.move.line,VEV045344734,,
aml_cicsa_1032,account.move.line,VEV045344734,,
aml_cicsa_1033,account.move.line,VEV045344734,,
aml_cicsa_1034,account.move.line,VEV045344734,,
aml_cicsa_1035,account.move.line,VEJ313040045,,
aml_cicsa_1036,account.move.line,VEJ313040045,,
aml_cicsa_1037,account.move.line,VEJ313040045,,
aml_cicsa_1038,account.move.line,VEJ313040045,,
aml_cicsa_1039,account.move.line,VEJ313040045,,
aml_cicsa_1040,account.move.line,VEJ313040045,,
aml_cicsa_1041,account.move.line,VEJ001824421,,
aml_cicsa_1042,account.move.line,VEJ001824421,,
aml_cicsa_1043,account.move.line,VEJ001824421,,
aml_cicsa_1044,account.move.line,VEJ001824421,,
aml_cicsa_1045,account.move.line,VEJ001824421,,
aml_cicsa_1046,account.move.line,VEJ001824421,,
aml_cicsa_1047,account.move.line,VEJ001824421,,
aml_cicsa_1048,account.move.line,VEJ001241345,,
aml_cicsa_1049,account.move.line,VEJ001241345,,
aml_cicsa_1050,account.move.line,VEJ300004937,,
aml_cicsa_1051,account.move.line,VEJ300004937,,
aml_cicsa_1052,account.move.line,VEV045344734,,
aml_cicsa_1053,account.move.line,VEV045344734,,
aml_cicsa_1054,account.move.line,VEV049726860,,
aml_cicsa_1055,account.move.line,VEV049726860,,
aml_cicsa_1056,account.move.line,,,
aml_cicsa_1057,account.move.line,,,
aml_cicsa_1058,account.move.line,,,
aml_cicsa_1059,account.move.line,VEJ302106834,,
aml_cicsa_1060,account.move.line,VEJ302106834,,
aml_cicsa_1061,account.move.line,VEJ302106834,,
aml_cicsa_1062,account.move.line,VEJ302106834,,
aml_cicsa_1063,account.move.line,VEJ309364391,,
aml_cicsa_1064,account.move.line,VEJ309364391,,
aml_cicsa_1065,account.move.line,VEJ303738001,,
aml_cicsa_1066,account.move.line,VEJ303738001,,
aml_cicsa_1067,account.move.line,VEJ303738001,,
aml_cicsa_1068,account.move.line,VEJ303738001,,
aml_cicsa_1069,account.move.line,VEJ303738001,,
aml_cicsa_1070,account.move.line,VEJ303738001,,
aml_cicsa_1071,account.move.line,VEJ303738001,,
aml_cicsa_1072,account.move.line,VEV122551128,,
aml_cicsa_1073,account.move.line,VEV122551128,,
aml_cicsa_1074,account.move.line,VEJ302287448,,
aml_cicsa_1075,account.move.line,VEJ302287448,,
aml_cicsa_1076,account.move.line,VEJ302287448,,
aml_cicsa_1077,account.move.line,VEJ302287448,,
aml_cicsa_1078,account.move.line,VEJ302287448,,
aml_cicsa_1079,account.move.line,VEJ302287448,,
aml_cicsa_1080,account.move.line,VEJ302287448,,
aml_cicsa_1081,account.move.line,VEJ302287448,,
aml_cicsa_1082,account.move.line,VEJ302287448,,
aml_cicsa_1083,account.move.line,VEJ302287448,,
aml_cicsa_1084,account.move.line,VEJ302287448,,
aml_cicsa_1085,account.move.line,VEJ302287448,,
aml_cicsa_1086,account.move.line,VEJ302287448,,
aml_cicsa_1087,account.move.line,VEJ302287448,,
aml_cicsa_1088,account.move.line,VEJ302287448,,
aml_cicsa_1089,account.move.line,VEJ302287448,,
aml_cicsa_1090,account.move.line,VEJ302287448,,
aml_cicsa_1091,account.move.line,VEJ302287448,,
aml_cicsa_1092,account.move.line,VEJ302287448,,
aml_cicsa_1093,account.move.line,VEJ302287448,,
aml_cicsa_1094,account.move.line,VEJ302287448,,
aml_cicsa_1095,account.move.line,VEJ302287448,,
aml_cicsa_1096,account.move.line,VEJ302287448,,
aml_cicsa_1097,account.move.line,VEJ302287448,,
aml_cicsa_1098,account.move.line,VEJ302287448,,
aml_cicsa_1099,account.move.line,VEJ302287448,,
aml_cicsa_1100,account.move.line,VEJ302287448,,
aml_cicsa_1101,account.move.line,VEJ302287448,,
aml_cicsa_1102,account.move.line,VEJ302287448,,
aml_cicsa_1103,account.move.line,VEJ302287448,,
aml_cicsa_1104,account.move.line,VEJ302287448,,
aml_cicsa_1105,account.move.line,VEJ302287448,,
aml_cicsa_1106,account.move.line,VEJ300077713,,
aml_cicsa_1107,account.move.line,VEJ300077713,,
aml_cicsa_1108,account.move.line,VEJ300077713,,
aml_cicsa_1109,account.move.line,VEJ300077713,,
aml_cicsa_1110,account.move.line,VEJ300077713,,
aml_cicsa_1111,account.move.line,VEJ300077713,,
aml_cicsa_1112,account.move.line,VEJ300077713,,
aml_cicsa_1113,account.move.line,VEJ300077713,,
aml_cicsa_1114,account.move.line,VEJ300077713,,
aml_cicsa_1115,account.move.line,VEJ300077713,,
aml_cicsa_1116,account.move.line,VEJ300077713,,
aml_cicsa_1117,account.move.line,VEJ300077713,,
aml_cicsa_1118,account.move.line,VEJ300077713,,
aml_cicsa_1119,account.move.line,VEJ300077713,,
aml_cicsa_1120,account.move.line,VEJ300077713,,
aml_cicsa_1121,account.move.line,VEJ315297876,,
aml_cicsa_1122,account.move.line,VEJ315297876,,
aml_cicsa_1123,account.move.line,VEJ315297876,,
aml_cicsa_1124,account.move.line,VEJ315297876,,
aml_cicsa_1125,account.move.line,VEJ315297876,,
aml_cicsa_1126,account.move.line,VEJ315297876,,
aml_cicsa_1127,account.move.line,VEJ315297876,,
aml_cicsa_1128,account.move.line,VEJ315297876,,
aml_cicsa_1129,account.move.line,VEJ001612165,,
aml_cicsa_1130,account.move.line,VEJ001612165,,
aml_cicsa_1131,account.move.line,VEJ001612165,,
aml_cicsa_1132,account.move.line,VEJ001612165,,
aml_cicsa_1133,account.move.line,VEJ001612165,,
aml_cicsa_1134,account.move.line,VEJ001612165,,
aml_cicsa_1135,account.move.line,VEJ001612165,,
aml_cicsa_1136,account.move.line,VEJ001612165,,
aml_cicsa_1137,account.move.line,VEJ001612165,,
aml_cicsa_1138,account.move.line,VEJ001612165,,
aml_cicsa_1139,account.move.line,VEJ001612165,,
aml_cicsa_1140,account.move.line,VEJ001612165,,
aml_cicsa_1141,account.move.line,VEJ001612165,,
aml_cicsa_1142,account.move.line,VEJ001612165,,
aml_cicsa_1143,account.move.line,VEJ001612165,,
aml_cicsa_1144,account.move.line,VEJ001612165,,
aml_cicsa_1145,account.move.line,VEJ001612165,,
aml_cicsa_1146,account.move.line,VEJ001612165,,
aml_cicsa_1147,account.move.line,VEJ001612165,,
aml_cicsa_1148,account.move.line,VEJ001612165,,
aml_cicsa_1149,account.move.line,VEJ310308292,,
aml_cicsa_1150,account.move.line,VEJ310308292,,
aml_cicsa_1151,account.move.line,VEJ303900909,,
aml_cicsa_1152,account.move.line,VEJ303900909,,
aml_cicsa_1153,account.move.line,VEJ303900909,,
aml_cicsa_1154,account.move.line,VEJ303900909,,
aml_cicsa_1155,account.move.line,VEJ303900909,,
aml_cicsa_1156,account.move.line,VEJ303900909,,
aml_cicsa_1157,account.move.line,VEJ303900909,,
aml_cicsa_1158,account.move.line,VEJ303900909,,
aml_cicsa_1159,account.move.line,VEJ303900909,,
aml_cicsa_1160,account.move.line,VEJ303900909,,
aml_cicsa_1161,account.move.line,VEJ303900909,,
aml_cicsa_1162,account.move.line,VEJ303900909,,
aml_cicsa_1163,account.move.line,VEJ303900909,,
aml_cicsa_1164,account.move.line,VEJ303900909,,
aml_cicsa_1165,account.move.line,VEJ303900909,,
aml_cicsa_1166,account.move.line,VEJ303900909,,
aml_cicsa_1167,account.move.line,VEJ303900909,,
aml_cicsa_1168,account.move.line,VEJ303900909,,
aml_cicsa_1169,account.move.line,VEJ303900909,,
aml_cicsa_1170,account.move.line,VEJ303900909,,
aml_cicsa_1171,account.move.line,VEJ303900909,,
aml_cicsa_1172,account.move.line,VEJ303900909,,
aml_cicsa_1173,account.move.line,VEJ303900909,,
aml_cicsa_1174,account.move.line,VEJ303900909,,
aml_cicsa_1175,account.move.line,VEJ303900909,,
aml_cicsa_1176,account.move.line,VEJ303900909,,
aml_cicsa_1177,account.move.line,VEJ303900909,,
aml_cicsa_1178,account.move.line,VEJ303900909,,
aml_cicsa_1179,account.move.line,VEJ303900909,,
aml_cicsa_1180,account.move.line,VEJ303900909,,
aml_cicsa_1181,account.move.line,VEJ000815747,,
aml_cicsa_1182,account.move.line,VEJ000815747,,
aml_cicsa_1183,account.move.line,VEG200100141,,
aml_cicsa_1184,account.move.line,VEG200100141,,
aml_cicsa_1185,account.move.line,VEJ301406834,,
aml_cicsa_1186,account.move.line,VEJ301406834,,
aml_cicsa_1187,account.move.line,VEJ308120219,,
aml_cicsa_1188,account.move.line,VEJ308120219,,
aml_cicsa_1189,account.move.line,VEJ308120219,,
aml_cicsa_1190,account.move.line,VEJ308120219,,
aml_cicsa_1191,account.move.line,VEJ310931828,,
aml_cicsa_1192,account.move.line,VEJ310931828,,
aml_cicsa_1193,account.move.line,VEJ303072488,,
aml_cicsa_1194,account.move.line,VEJ303072488,,
aml_cicsa_1195,account.move.line,VEJ303388078,,
aml_cicsa_1196,account.move.line,VEJ303388078,,
aml_cicsa_1197,account.move.line,VEJ306203117,,
aml_cicsa_1198,account.move.line,VEJ306203117,,
aml_cicsa_1199,account.move.line,VEJ313897051,,
aml_cicsa_1200,account.move.line,VEJ313897051,,
aml_cicsa_1201,account.move.line,VEJ313897051,,
aml_cicsa_1202,account.move.line,VEJ313897051,,
aml_cicsa_1203,account.move.line,VEJ001241345,,
aml_cicsa_1204,account.move.line,VEJ001241345,,
aml_cicsa_1205,account.move.line,VEJ001241345,,
aml_cicsa_1206,account.move.line,VEJ001241345,,
aml_cicsa_1207,account.move.line,VEJ001241345,,
aml_cicsa_1208,account.move.line,VEJ001241345,,
aml_cicsa_1209,account.move.line,VEJ300004937,,
aml_cicsa_1210,account.move.line,VEJ300004937,,
aml_cicsa_1211,account.move.line,VEJ300004937,,
aml_cicsa_1212,account.move.line,VEJ306203117,,
aml_cicsa_1213,account.move.line,VEJ306203117,,
aml_cicsa_1214,account.move.line,VEJ306203117,,
aml_cicsa_1215,account.move.line,VEJ306203117,,
aml_cicsa_1216,account.move.line,VEJ306203117,,
aml_cicsa_1217,account.move.line,VEJ306203117,,
aml_cicsa_1218,account.move.line,VEJ306203117,,
aml_cicsa_1219,account.move.line,VEJ306203117,,
aml_cicsa_1220,account.move.line,,300.00,base.USD
aml_cicsa_1221,account.move.line,,-300.00,base.USD
aml_cicsa_1222,account.move.line,,624.40,base.USD
aml_cicsa_1223,account.move.line,,-624.40,base.USD
aml_cicsa_1224,account.move.line,VEG200000031,,
aml_cicsa_1225,account.move.line,VEG200000031,,
aml_cicsa_1226,account.move.line,VEJ002569107,,
aml_cicsa_1227,account.move.line,VEJ002569107,,
aml_cicsa_1228,account.move.line,VEJ302287448,,
aml_cicsa_1229,account.move.line,VEJ302287448,,
aml_cicsa_1230,account.move.line,VEJ302287448,,
aml_cicsa_1231,account.move.line,VEJ302287448,,
aml_cicsa_1232,account.move.line,VEJ302287448,,
aml_cicsa_1233,account.move.line,VEJ302287448,,
aml_cicsa_1234,account.move.line,VEJ302287448,,
aml_cicsa_1235,account.move.line,VEJ302287448,,
aml_cicsa_1236,account.move.line,VEJ302287448,,
aml_cicsa_1237,account.move.line,VEJ302287448,,
aml_cicsa_1238,account.move.line,VEJ302287448,,
aml_cicsa_1239,account.move.line,VEJ302287448,,
aml_cicsa_1240,account.move.line,VEJ302287448,,
aml_cicsa_1241,account.move.line,VEJ302287448,,
aml_cicsa_1242,account.move.line,VEJ302287448,,
aml_cicsa_1243,account.move.line,VEJ302287448,,
aml_cicsa_1244,account.move.line,VEJ302287448,,
aml_cicsa_1245,account.move.line,VEJ302287448,,
aml_cicsa_1246,account.move.line,VEJ302287448,,
aml_cicsa_1247,account.move.line,VEJ302287448,,
aml_cicsa_1248,account.move.line,VEJ302287448,,
aml_cicsa_1249,account.move.line,VEJ302287448,,
aml_cicsa_1250,account.move.line,VEJ302287448,,
aml_cicsa_1251,account.move.line,VEJ302287448,,
aml_cicsa_1252,account.move.line,VEJ302287448,,
aml_cicsa_1253,account.move.line,VEJ302287448,,
aml_cicsa_1254,account.move.line,VEJ302287448,,
aml_cicsa_1255,account.move.line,VEJ302287448,,
aml_cicsa_1256,account.move.line,VEJ315253321,91868.52,base.USD
aml_cicsa_1257,account.move.line,VEJ315253321,-27229.26,base.USD
aml_cicsa_1258,account.move.line,VEJ315253321,-34641.66,base.USD
aml_cicsa_1259,account.move.line,VEJ315253321,-29997.60,base.USD
aml_cicsa_1260,account.move.line,VEJ315253321,41151.06,base.USD
aml_cicsa_1261,account.move.line,VEJ315253321,-13717.02,base.USD
aml_cicsa_1262,account.move.line,VEJ315253321,-13717.02,base.USD
aml_cicsa_1263,account.move.line,VEJ315253321,-13717.02,base.USD
aml_cicsa_1264,account.move.line,VEJ311271708,87224.46,base.USD
aml_cicsa_1265,account.move.line,VEJ311271708,-29997.60,base.USD
aml_cicsa_1266,account.move.line,VEJ311271708,-29997.60,base.USD
aml_cicsa_1267,account.move.line,VEJ311271708,-27229.26,base.USD
aml_cicsa_1268,account.move.line,VEJ311271708,25317.00,base.USD
aml_cicsa_1269,account.move.line,VEJ311271708,-8439.00,base.USD
aml_cicsa_1270,account.move.line,VEJ311271708,-8439.00,base.USD
aml_cicsa_1271,account.move.line,VEJ311271708,-8439.00,base.USD
aml_cicsa_1272,account.move.line,VEJ293877334,,
aml_cicsa_1273,account.move.line,VEJ293877334,,
aml_cicsa_1274,account.move.line,VEJ293877334,,
aml_cicsa_1275,account.move.line,VEJ293877334,,
aml_cicsa_1276,account.move.line,VEJ293877334,,
aml_cicsa_1277,account.move.line,VEJ293877334,,
aml_cicsa_1278,account.move.line,VEJ311271465,87224.46,base.USD
aml_cicsa_1279,account.move.line,VEJ311271465,-29997.60,base.USD
aml_cicsa_1280,account.move.line,VEJ311271465,-27229.26,base.USD
aml_cicsa_1281,account.move.line,VEJ311271465,-29997.60,base.USD
aml_cicsa_1282,account.move.line,VEJ311271465,25317.00,base.USD
aml_cicsa_1283,account.move.line,VEJ311271465,-8439.00,base.USD
aml_cicsa_1284,account.move.line,VEJ311271465,-8439.00,base.USD
aml_cicsa_1285,account.move.line,VEJ311271465,-8439.00,base.USD
aml_cicsa_1286,account.move.line,VEJ302287448,,
aml_cicsa_1287,account.move.line,VEJ302287448,,
aml_cicsa_1288,account.move.line,VEJ302287448,,
aml_cicsa_1289,account.move.line,VEJ302287448,,
aml_cicsa_1290,account.move.line,VEJ302287448,,
aml_cicsa_1291,account.move.line,VEJ302287448,,
aml_cicsa_1292,account.move.line,VEJ302287448,,
aml_cicsa_1293,account.move.line,VEJ302287448,,
aml_cicsa_1294,account.move.line,VEJ302287448,,
aml_cicsa_1295,account.move.line,VEJ302287448,,
aml_cicsa_1296,account.move.line,VEJ302287448,,
aml_cicsa_1297,account.move.line,VEJ302287448,,
aml_cicsa_1298,account.move.line,VEJ302287448,,
aml_cicsa_1299,account.move.line,VEJ302287448,,
aml_cicsa_1300,account.move.line,VEJ302287448,,
aml_cicsa_1301,account.move.line,VEJ302287448,,
aml_cicsa_1302,account.move.line,VEJ302287448,,
aml_cicsa_1303,account.move.line,VEJ302287448,,
aml_cicsa_1304,account.move.line,VEJ302287448,,
aml_cicsa_1305,account.move.line,VEJ302287448,,
aml_cicsa_1306,account.move.line,VEJ302287448,,
aml_cicsa_1307,account.move.line,VEJ302287448,,
aml_cicsa_1308,account.move.line,VEJ302287448,,
aml_cicsa_1309,account.move.line,VEJ302287448,,
aml_cicsa_1310,account.move.line,VEJ302287448,,
aml_cicsa_1311,account.move.line,VEJ302287448,,
aml_cicsa_1312,account.move.line,VEJ302287448,,
aml_cicsa_1313,account.move.line,VEJ302287448,,
aml_cicsa_1314,account.move.line,VEJ315253321,54458.52,base.USD
aml_cicsa_1315,account.move.line,VEJ315253321,69283.32,base.USD
aml_cicsa_1316,account.move.line,VEJ315253321,59995.20,base.USD
aml_cicsa_1317,account.move.line,VEJ315253321,-183737.04,base.USD
aml_cicsa_1318,account.move.line,VEJ315253321,27434.04,base.USD
aml_cicsa_1319,account.move.line,VEJ315253321,27434.04,base.USD
aml_cicsa_1320,account.move.line,VEJ315253321,27434.04,base.USD
aml_cicsa_1321,account.move.line,VEJ315253321,-82302.11,base.USD
aml_cicsa_1322,account.move.line,VEJ311271708,59995.20,base.USD
aml_cicsa_1323,account.move.line,VEJ311271708,59995.20,base.USD
aml_cicsa_1324,account.move.line,VEJ311271708,54458.52,base.USD
aml_cicsa_1325,account.move.line,VEJ311271708,29997.60,base.USD
aml_cicsa_1326,account.move.line,VEJ311271708,-204446.52,base.USD
aml_cicsa_1327,account.move.line,VEJ311271708,16878.00,base.USD
aml_cicsa_1328,account.move.line,VEJ311271708,16878.00,base.USD
aml_cicsa_1329,account.move.line,VEJ311271708,16878.00,base.USD
aml_cicsa_1330,account.move.line,VEJ311271708,8439.00,base.USD
aml_cicsa_1331,account.move.line,VEJ311271708,-59073.00,base.USD
aml_cicsa_1332,account.move.line,VEJ293877334,,
aml_cicsa_1333,account.move.line,VEJ293877334,,
aml_cicsa_1334,account.move.line,VEJ293877334,,
aml_cicsa_1335,account.move.line,VEJ293877334,,
aml_cicsa_1336,account.move.line,VEJ311271465,59995.20,base.USD
aml_cicsa_1337,account.move.line,VEJ311271465,54458.52,base.USD
aml_cicsa_1338,account.move.line,VEJ311271465,59995.20,base.USD
aml_cicsa_1339,account.move.line,VEJ311271465,-174448.92,base.USD
aml_cicsa_1340,account.move.line,VEJ311271465,16878.00,base.USD
aml_cicsa_1341,account.move.line,VEJ311271465,16878.00,base.USD
aml_cicsa_1342,account.move.line,VEJ311271465,16878.00,base.USD
aml_cicsa_1343,account.move.line,VEJ311271465,-50634.00,base.USD
aml_cicsa_1344,account.move.line,VEJ294668666,,
aml_cicsa_1345,account.move.line,VEJ294668666,,
aml_cicsa_1346,account.move.line,VEJ294668666,,
aml_cicsa_1347,account.move.line,VEJ294668666,,
aml_cicsa_1348,account.move.line,VEJ294668666,,
aml_cicsa_1349,account.move.line,VEJ294668666,,
aml_cicsa_1350,account.move.line,VEJ001612165,,
aml_cicsa_1351,account.move.line,VEJ001612165,,
aml_cicsa_1352,account.move.line,VEJ001612165,,
aml_cicsa_1353,account.move.line,VEJ001612165,,
aml_cicsa_1354,account.move.line,VEJ001612165,,
aml_cicsa_1355,account.move.line,VEJ001612165,,
aml_cicsa_1356,account.move.line,VEJ001612165,,
aml_cicsa_1357,account.move.line,VEJ001612165,,
aml_cicsa_1358,account.move.line,VEJ001612165,,
aml_cicsa_1359,account.move.line,VEJ001612165,,
aml_cicsa_1360,account.move.line,VEJ001612165,,
aml_cicsa_1361,account.move.line,VEJ001612165,,
aml_cicsa_1362,account.move.line,VEJ001612165,,
aml_cicsa_1363,account.move.line,VEJ001612165,,
aml_cicsa_1364,account.move.line,VEJ001612165,,
aml_cicsa_1365,account.move.line,VEJ001612165,,
aml_cicsa_1366,account.move.line,VEJ001612165,,
aml_cicsa_1367,account.move.line,VEJ001612165,,
aml_cicsa_1368,account.move.line,VEJ001612165,,
aml_cicsa_1369,account.move.line,VEJ001612165,,
aml_cicsa_1370,account.move.line,VEJ001612165,,
aml_cicsa_1371,account.move.line,VEJ001612165,,
aml_cicsa_1372,account.move.line,VEJ001612165,,
aml_cicsa_1373,account.move.line,VEJ001612165,,
aml_cicsa_1374,account.move.line,VEJ310308292,,
aml_cicsa_1375,account.move.line,VEJ310308292,,
aml_cicsa_1376,account.move.line,VEJ310308292,,
aml_cicsa_1377,account.move.line,VEJ310308292,,
aml_cicsa_1378,account.move.line,VEJ310308292,,
aml_cicsa_1379,account.move.line,VEJ303900909,,
aml_cicsa_1380,account.move.line,VEJ303900909,,
aml_cicsa_1381,account.move.line,VEJ303900909,,
aml_cicsa_1382,account.move.line,VEJ303900909,,
aml_cicsa_1383,account.move.line,VEJ303900909,,
aml_cicsa_1384,account.move.line,VEJ303900909,,
aml_cicsa_1385,account.move.line,VEJ303900909,,
aml_cicsa_1386,account.move.line,VEJ303900909,,
aml_cicsa_1387,account.move.line,VEJ303900909,,
aml_cicsa_1388,account.move.line,VEJ303900909,,
aml_cicsa_1389,account.move.line,VEJ303900909,,
aml_cicsa_1390,account.move.line,VEJ303900909,,
aml_cicsa_1391,account.move.line,VEJ303900909,,
aml_cicsa_1392,account.move.line,VEJ000815747,,
aml_cicsa_1393,account.move.line,VEJ000815747,,
aml_cicsa_1394,account.move.line,VEG200100141,,
aml_cicsa_1395,account.move.line,VEG200100141,,
aml_cicsa_1396,account.move.line,VEJ301406834,,
aml_cicsa_1397,account.move.line,VEJ301406834,,
aml_cicsa_1398,account.move.line,VEJ310931828,,
aml_cicsa_1399,account.move.line,VEJ310931828,,
aml_cicsa_1400,account.move.line,VEJ303072488,,
aml_cicsa_1401,account.move.line,VEJ303072488,,
aml_cicsa_1402,account.move.line,VEJ303388078,,
aml_cicsa_1403,account.move.line,VEJ303388078,,
aml_cicsa_1404,account.move.line,VEJ306203117,,
aml_cicsa_1405,account.move.line,VEJ306203117,,
aml_cicsa_1406,account.move.line,VEJ306203117,,
aml_cicsa_1407,account.move.line,VEJ306203117,,
aml_cicsa_1408,account.move.line,VEJ313897051,,
aml_cicsa_1409,account.move.line,VEJ313897051,,
aml_cicsa_1410,account.move.line,VEJ313897051,,
aml_cicsa_1411,account.move.line,VEJ313897051,,
aml_cicsa_1412,account.move.line,VEJ001241345,,
aml_cicsa_1413,account.move.line,VEJ001241345,,
aml_cicsa_1414,account.move.line,VEJ001241345,,
aml_cicsa_1415,account.move.line,VEJ001241345,,
aml_cicsa_1416,account.move.line,VEJ300004937,,
aml_cicsa_1417,account.move.line,VEJ300004937,,
aml_cicsa_1418,account.move.line,VEJ306203117,,
aml_cicsa_1419,account.move.line,VEJ306203117,,
aml_cicsa_1420,account.move.line,VEJ306203117,,
aml_cicsa_1421,account.move.line,VEJ306203117,,
aml_cicsa_1422,account.move.line,VEJ306203117,,
aml_cicsa_1423,account.move.line,VEJ306203117,,
aml_cicsa_1424,account.move.line,VEJ306203117,,
aml_cicsa_1425,account.move.line,VEJ306203117,,
aml_cicsa_1426,account.move.line,,300.00,base.USD
aml_cicsa_1427,account.move.line,,-300.00,base.USD
aml_cicsa_1428,account.move.line,,624.40,base.USD
aml_cicsa_1429,account.move.line,,-624.40,base.USD
aml_cicsa_1430,account.move.line,VEG200000031,,
aml_cicsa_1431,account.move.line,VEG200000031,,
aml_cicsa_1432,account.move.line,VEJ002569107,,
aml_cicsa_1433,account.move.line,VEJ002569107,,
aml_cicsa_1434,account.move.line,VEJ299330264,6527453.00,base.USD
aml_cicsa_1435,account.move.line,VEJ299330264,70464.28,base.USD
aml_cicsa_1436,account.move.line,VEJ299330264,-24134.94,base.USD
aml_cicsa_1437,account.move.line,VEJ299330264,-19080.00,base.USD
aml_cicsa_1438,account.move.line,VEJ299330264,-2518546.14,base.USD
aml_cicsa_1439,account.move.line,VEJ299330264,-1333.00,base.USD
aml_cicsa_1440,account.move.line,VEJ299330264,-2174.01,base.USD
aml_cicsa_1441,account.move.line,VEJ299330264,-35000.00,base.USD
aml_cicsa_1442,account.move.line,VEJ299330264,-1473.63,base.USD
aml_cicsa_1443,account.move.line,VEJ299330264,-1431165.12,base.USD
aml_cicsa_1444,account.move.line,VEJ299330264,-121347.60,base.USD
aml_cicsa_1445,account.move.line,VEJ299330264,-3912.89,base.USD
aml_cicsa_1446,account.move.line,VEJ299330264,-57408.00,base.USD
aml_cicsa_1447,account.move.line,VEJ299330264,-192081.88,base.USD
aml_cicsa_1448,account.move.line,VEJ299330264,-1503432.90,base.USD
aml_cicsa_1449,account.move.line,VEJ299330264,-57408.00,base.USD
aml_cicsa_1450,account.move.line,VEJ299330264,-8880.00,base.USD
aml_cicsa_1451,account.move.line,VEJ299330264,-7650.00,base.USD
aml_cicsa_1452,account.move.line,VEJ299330264,-2379.00,base.USD
aml_cicsa_1453,account.move.line,VEJ299330264,-224890.61,base.USD
aml_cicsa_1454,account.move.line,VEJ299330264,-23555.00,base.USD
aml_cicsa_1455,account.move.line,VEJ299330264,-30000.00,base.USD
aml_cicsa_1456,account.move.line,VEJ299330264,-332064.56,base.USD
aml_cicsa_1457,account.move.line,VEJ299330264,,
aml_cicsa_1458,account.move.line,VEJ299330264,,
aml_cicsa_1459,account.move.line,VEJ299330264,,
aml_cicsa_1460,account.move.line,VEJ299330264,,
aml_cicsa_1461,account.move.line,VEJ299330264,,
aml_cicsa_1462,account.move.line,VEJ299330264,,
aml_cicsa_1463,account.move.line,VEJ299330264,,
aml_cicsa_1464,account.move.line,VEJ299330264,,
aml_cicsa_1465,account.move.line,VEJ299330264,,
aml_cicsa_1466,account.move.line,VEJ299330264,,
aml_cicsa_1467,account.move.line,VEJ299330264,,
aml_cicsa_1468,account.move.line,VEJ299330264,,
aml_cicsa_1469,account.move.line,VEJ299330264,,
aml_cicsa_1470,account.move.line,VEJ070133805,,
aml_cicsa_1471,account.move.line,VEJ070133805,,
aml_cicsa_1472,account.move.line,VEJ000526621,,
aml_cicsa_1473,account.move.line,VEJ000526621,,
aml_cicsa_1474,account.move.line,VEJ000526621,,
aml_cicsa_1475,account.move.line,VEJ000526621,,
aml_cicsa_1476,account.move.line,VEJ315719380,,
aml_cicsa_1477,account.move.line,VEJ315719380,,
aml_cicsa_1478,account.move.line,,,
aml_cicsa_1479,account.move.line,,,
aml_cicsa_1480,account.move.line,VEV045344734,,
aml_cicsa_1481,account.move.line,VEV045344734,,
aml_cicsa_1482,account.move.line,VEJ001241345,,
aml_cicsa_1483,account.move.line,VEJ001241345,,
aml_cicsa_1484,account.move.line,VEJ001241345,,
aml_cicsa_1485,account.move.line,VEJ001241345,,
aml_cicsa_1486,account.move.line,VEJ300004937,,
aml_cicsa_1487,account.move.line,VEJ300004937,,
aml_cicsa_1488,account.move.line,VEJ297785213,,
aml_cicsa_1489,account.move.line,VEJ297785213,,
aml_cicsa_1490,account.move.line,VEJ300077713,,
aml_cicsa_1491,account.move.line,VEJ300077713,,
aml_cicsa_1492,account.move.line,VEJ300077713,,
aml_cicsa_1493,account.move.line,VEJ300077713,,
aml_cicsa_1494,account.move.line,,2080839.81,base.USD
aml_cicsa_1495,account.move.line,,-2080839.81,base.USD
aml_cicsa_1496,account.move.line,,445348.56,base.USD
aml_cicsa_1497,account.move.line,,-445348.56,base.USD
aml_cicsa_1498,account.move.line,VEJ303388078,,
aml_cicsa_1499,account.move.line,VEJ303388078,,
